{
  "version": "1.0",
  "exportDate": "2025-01-15T10:00:00Z",
  "totalContacts": 30,
  "filterDescription": "Base de test - 30 profils pour MyCrew",
  "contacts": [
    {
      "name": "Marie Dubois",
      "jobTitle": "Chef opérateur",
      "phone": "06 12 34 56 78",
      "email": "m.dubois@cinema.fr",
      "notes": "Spécialisée films d'auteur, disponible mars-juin",
      "isFavorite": true,
      "locations": [
        {
          "country": "France",
          "region": "Île-de-France",
          "isLocalResident": true,
          "hasVehicle": true,
          "isHoused": true,
          "isPrimary": true
        }
      ]
    },
    {
      "name": "Thomas Martin",
      "jobTitle": "Cadreur",
      "phone": "06 23 45 67 89",
      "email": "t.martin@image.fr",
      "notes": "Steadicam expert, tournages action",
      "isFavorite": false,
      "locations": [
        {
          "country": "France",
          "region": "Provence-Alpes-Côte d'Azur",
          "isLocalResident": true,
          "hasVehicle": true,
          "isHoused": false,
          "isPrimary": true
        }
      ]
    },
    {
      "name": "Sophie Leclerc",
      "jobTitle": "1er Assistant Caméra",
      "phone": "06 34 56 78 90",
      "email": "s.leclerc@focus.fr",
      "notes": "Précise, rapide, 8 ans d'expérience",
      "isFavorite": true,
      "locations": [
        {
          "country": "France",
          "region": "Île-de-France",
          "isLocalResident": true,
          "hasVehicle": false,
          "isHoused": true,
          "isPrimary": true
        }
      ]
    },
    {
      "name": "Antoine Bernard",
      "jobTitle": "Ingénieur du Son",
      "phone": "06 45 67 89 01",
      "email": "a.bernard@sound.fr",
      "notes": "Matériel haut de gamme, mixage live",
      "isFavorite": false,
      "locations": [
        {
          "country": "France",
          "region": "Bretagne",
          "isLocalResident": true,
          "hasVehicle": true,
          "isHoused": true,
          "isPrimary": true
        }
      ]
    },
    {
      "name": "Lucas Moreau",
      "jobTitle": "Chef Électro",
      "phone": "06 67 89 01 23",
      "email": "l.moreau@light.fr",
      "notes": "Équipe de 6 personnes, gros plateaux",
      "isFavorite": true,
      "locations": [
        {
          "country": "France",
          "region": "Auvergne-Rhône-Alpes",
          "isLocalResident": true,
          "hasVehicle": true,
          "isHoused": true,
          "isPrimary": true
        }
      ]
    },
    {
      "name": "Emma Petit",
      "jobTitle": "Électro",
      "phone": "06 78 90 12 34",
      "email": "e.petit@electric.fr",
      "notes": "Spécialiste LED, éco-responsable",
      "isFavorite": false,
      "locations": [
        {
          "country": "France",
          "region": "Nouvelle-Aquitaine",
          "isLocalResident": true,
          "hasVehicle": true,
          "isHoused": false,
          "isPrimary": true
        }
      ]
    },
    {
      "name": "David Simon",
      "jobTitle": "Régisseur Général",
      "phone": "06 01 23 45 67",
      "email": "d.simon@regie.fr",
      "notes": "Organisé, relationnel, résout tout",
      "isFavorite": true,
      "locations": [
        {
          "country": "France",
          "region": "Île-de-France",
          "isLocalResident": true,
          "hasVehicle": true,
          "isHoused": true,
          "isPrimary": true
        },
        {
          "country": "Belgique",
          "region": null,
          "isLocalResident": false,
          "hasVehicle": true,
          "isHoused": true,
          "isPrimary": false
        }
      ]
    },
    {
      "name": "Maxime Vincent",
      "jobTitle": "Chef Décorateur",
      "phone": "06 23 45 67 89",
      "email": "m.vincent@decor.fr",
      "notes": "Style vintage, attention aux détails",
      "isFavorite": false,
      "locations": [
        {
          "country": "France",
          "region": "Normandie",
          "isLocalResident": true,
          "hasVehicle": true,
          "isHoused": true,
          "isPrimary": true
        }
      ]
    },
    {
      "name": "Julien Blanc",
      "jobTitle": "Chef Costumier",
      "phone": "06 45 67 89 01",
      "email": "j.blanc@costume.fr",
      "notes": "Période, contemporain, retouches express",
      "isFavorite": true,
      "locations": [
        {
          "country": "France",
          "region": "Île-de-France",
          "isLocalResident": true,
          "hasVehicle": false,
          "isHoused": true,
          "isPrimary": true
        }
      ]
    },
    {
      "name": "Paul Roux",
      "jobTitle": "Chef Maquilleur",
      "phone": "06 67 89 01 23",
      "email": "p.roux@makeup.fr",
      "notes": "Effets spéciaux, prothèses, beauté",
      "isFavorite": false,
      "locations": [
        {
          "country": "France",
          "region": "Provence-Alpes-Côte d'Azur",
          "isLocalResident": true,
          "hasVehicle": true,
          "isHoused": true,
          "isPrimary": true
        }
      ]
    },
    {
      "name": "Manon Durand",
      "jobTitle": "Producteur",
      "phone": "06 90 12 34 56",
      "email": "m.durand@prod.fr",
      "notes": "Courts métrages, budgets créatifs",
      "isFavorite": true,
      "locations": [
        {
          "country": "France",
          "region": "Île-de-France",
          "isLocalResident": true,
          "hasVehicle": true,
          "isHoused": true,
          "isPrimary": true
        }
      ]
    },
    {
      "name": "Sarah Chevalier",
      "jobTitle": "Monteur Image",
      "phone": "06 12 34 56 78",
      "email": "s.chevalier@edit.fr",
      "notes": "Avid, Premiere, rythme dynamique",
      "isFavorite": false,
      "locations": [
        {
          "country": "France",
          "region": "Île-de-France",
          "isLocalResident": true,
          "hasVehicle": false,
          "isHoused": true,
          "isPrimary": true
        }
      ]
    },
    {
      "name": "Clara Leroux",
      "jobTitle": "Étalonneur",
      "phone": "06 34 56 78 90",
      "email": "c.leroux@color.fr",
      "notes": "DaVinci expert, look cinéma",
      "isFavorite": true,
      "locations": [
        {
          "country": "France",
          "region": "Île-de-France",
          "isLocalResident": true,
          "hasVehicle": false,
          "isHoused": true,
          "isPrimary": true
        }
      ]
    },
    {
      "name": "Benjamin Fournier",
      "jobTitle": "Cascadeur",
      "phone": "06 45 67 89 01",
      "email": "b.fournier@stunt.fr",
      "notes": "Combat, chute, conduite, assurance OK",
      "isFavorite": false,
      "locations": [
        {
          "country": "France",
          "region": "Provence-Alpes-Côte d'Azur",
          "isLocalResident": true,
          "hasVehicle": true,
          "isHoused": false,
          "isPrimary": true
        }
      ]
    },
    {
      "name": "Alexandre Roy",
      "jobTitle": "1er Assistant Réalisateur",
      "phone": "06 67 89 01 23",
      "email": "a.roy@assist.fr",
      "notes": "Leadership naturel, planning parfait",
      "isFavorite": true,
      "locations": [
        {
          "country": "France",
          "region": "Île-de-France",
          "isLocalResident": true,
          "hasVehicle": true,
          "isHoused": true,
          "isPrimary": true
        }
      ]
    },
    {
      "name": "Théo Masson",
      "jobTitle": "Cadreur",
      "phone": "06 89 01 23 45",
      "email": "t.masson@camera.be",
      "notes": "Spécialiste drone et underwater",
      "isFavorite": false,
      "locations": [
        {
          "country": "Belgique",
          "region": null,
          "isLocalResident": true,
          "hasVehicle": true,
          "isHoused": true,
          "isPrimary": true
        }
      ]
    },
    {
      "name": "Marco Rossi",
      "jobTitle": "Chef Décorateur",
      "phone": "+39 320 123 456",
      "email": "m.rossi@decor.it",
      "notes": "Architecture italienne, authenticité",
      "isFavorite": false,
      "locations": [
        {
          "country": "Italie",
          "region": null,
          "isLocalResident": true,
          "hasVehicle": true,
          "isHoused": true,
          "isPrimary": true
        }
      ]
    },
    {
      "name": "James Wilson",
      "jobTitle": "Superviseur VFX",
      "phone": "+44 7700 123456",
      "email": "j.wilson@vfx.uk",
      "notes": "Hollywood experience, gros budgets",
      "isFavorite": true,
      "locations": [
        {
          "country": "Royaume-Uni",
          "region": null,
          "isLocalResident": true,
          "hasVehicle": false,
          "isHoused": true,
          "isPrimary": true
        }
      ]
    },
    {
      "name": "Gabriel Moreau",
      "jobTitle": "Cadreur",
      "phone": "06 23 45 67 89",
      "email": "g.moreau@steadicam.fr",
      "notes": "Steadicam expert, mouvements fluides",
      "isFavorite": true,
      "locations": [
        {
          "country": "France",
          "region": "Provence-Alpes-Côte d'Azur",
          "isLocalResident": true,
          "hasVehicle": true,
          "isHoused": true,
          "isPrimary": true
        }
      ]
    },
    {
      "name": "Valentine Dubois",
      "jobTitle": "Cadreur",
      "phone": "06 34 56 78 90",
      "email": "v.dubois@focus.fr",
      "notes": "Jeune, dynamique, formations récentes",
      "isFavorite": false,
      "locations": [
        {
          "country": "France",
          "region": "Auvergne-Rhône-Alpes",
          "isLocalResident": true,
          "hasVehicle": false,
          "isHoused": false,
          "isPrimary": true
        }
      ]
    },
    {
      "name": "Chloé Simon",
      "jobTitle": "Cadreur",
      "phone": "06 56 78 90 12",
      "email": "c.simon@camera.fr",
      "notes": "Polyvalente, adaptable, bonne humeur",
      "isFavorite": false,
      "locations": [
        {
          "country": "France",
          "region": "Bretagne",
          "isLocalResident": true,
          "hasVehicle": true,
          "isHoused": false,
          "isPrimary": true
        }
      ]
    },
    {
      "name": "Lola Fabre",
      "jobTitle": "Ingénieur du Son",
      "phone": "06 90 12 34 56",
      "email": "l.fabre@mix.fr",
      "notes": "Studio mobile, tournages extérieurs",
      "isFavorite": true,
      "locations": [
        {
          "country": "France",
          "region": "Occitanie",
          "isLocalResident": true,
          "hasVehicle": true,
          "isHoused": true,
          "isPrimary": true
        }
      ]
    },
    {
      "name": "Ryan O'Connor",
      "jobTitle": "Chef opérateur",
      "phone": "+1 555 123 4567",
      "email": "r.oconnor@dop.us",
      "notes": "Expérience Hollywood, visuel épique",
      "isFavorite": false,
      "locations": [
        {
          "country": "États-Unis",
          "region": null,
          "isLocalResident": true,
          "hasVehicle": true,
          "isHoused": false,
          "isPrimary": true
        }
      ]
    },
    {
      "name": "Sophie Chen",
      "jobTitle": "Motion Designer",
      "phone": "06 01 23 45 67",
      "email": "s.chen@motion.fr",
      "notes": "After Effects, 3D, génériques stylés",
      "isFavorite": false,
      "locations": [
        {
          "country": "France",
          "region": "Île-de-France",
          "isLocalResident": true,
          "hasVehicle": false,
          "isHoused": true,
          "isPrimary": true
        }
      ]
    },
    {
      "name": "Dylan Martinez",
      "jobTitle": "Cadreur",
      "phone": "06 99 00 11 98",
      "email": "d.martinez@action.fr",
      "notes": "Tournages action, sport, adrénaline",
      "isFavorite": false,
      "locations": [
        {
          "country": "France",
          "region": "Normandie",
          "isLocalResident": true,
          "hasVehicle": true,
          "isHoused": false,
          "isPrimary": true
        }
      ]
    },
    {
      "name": "Jade Martinez",
      "jobTitle": "Électro",
      "phone": "06 23 45 67 49",
      "email": "j.martinez@electric.fr",
      "notes": "Spécialisée projecteurs, colorimétrie",
      "isFavorite": false,
      "locations": [
        {
          "country": "France",
          "region": "Provence-Alpes-Côte d'Azur",
          "isLocalResident": true,
          "hasVehicle": true,
          "isHoused": true,
          "isPrimary": true
        }
      ]
    },
    {
      "name": "Quentin Lemoine",
      "jobTitle": "Rigger",
      "phone": "06 56 78 90 52",
      "email": "q.lemoine@rig.fr",
      "notes": "Cordiste professionnel, sécurité max",
      "isFavorite": false,
      "locations": [
        {
          "country": "France",
          "region": "Occitanie",
          "isLocalResident": true,
          "hasVehicle": true,
          "isHoused": false,
          "isPrimary": true
        }
      ]
    },
    {
      "name": "Bastien Hubert",
      "jobTitle": "Graphiste VFX",
      "phone": "06 89 01 23 65",
      "email": "b.hubert@vfx.fr",
      "notes": "Nuke, Houdini, effets complexes",
      "isFavorite": true,
      "locations": [
        {
          "country": "France",
          "region": "Île-de-France",
          "isLocalResident": true,
          "hasVehicle": false,
          "isHoused": true,
          "isPrimary": true
        }
      ]
    },
    {
      "name": "William Davis",
      "jobTitle": "Photographe de Plateau",
      "phone": "+1 555 987 6540",
      "email": "w.davis@stillphoto.ca",
      "notes": "Portfolio international, discret",
      "isFavorite": false,
      "locations": [
        {
          "country": "Canada",
          "region": null,
          "isLocalResident": true,
          "hasVehicle": true,
          "isHoused": false,
          "isPrimary": true
        }
      ]
    },
    {
      "name": "Rose Leclerc",
      "jobTitle": "Cadreur",
      "phone": "06 55 66 77 92",
      "email": "r.leclerc@camera.fr",
      "notes": "Portraits, gros plans, sensibilité",
      "isFavorite": true,
      "locations": [
        {
          "country": "France",
          "region": "Île-de-France",
          "isLocalResident": true,
          "hasVehicle": true,
          "isHoused": true,
          "isPrimary": true
        }
      ]
    }
  ]
}
